employee_id,first_name,last_name,department,designation,manager_id,salary,joining_date,city,employee_status
EMP100001,Devansh,Thakkar,Sales,Manager,,578082,2025-11-26,Chennai,Active
EMP100002,Yashoda,Batra,Sales,Engineer,EMP100001,372132,2024-01-29,Chennai,Inactive
EMP100003,Meera,Banerjee,Sales,Engineer,EMP100001,598830,2025-08-25,Bengaluru,Active
EMP100004,Agastya,Chana,Sales,Engineer,EMP100001,1174244,2021-12-16,Bengaluru,Active
EMP100005,Nachiket,Bath,HR,Manager,EMP100001,-55000,2025-02-14,Hyderabad,Inactive
EMP100006,Avni,Prakash,IT,Manager,EMP100001,1156795,2023-02-22,Hyderabad,Active
EMP100007,Harinakshi,Kota,HR,Manager,EMP100001,408618,2024-02-21,Pune,Inactive
EMP100008,Neha,Dhillon,Sales,Engineer,EMP100001,421035,2022-09-01,Pune,Active
EMP100009,Balvan,Palla,IT,Manager,EMP100001,880097,2022-06-11,Mumbai,Active
EMP100010,Wriddhish,Dugar,Sales,Engineer,EMP100001,595442,2026-04-23,Mumbai,Inactive
EMP100011,Advik,Jha,Sales,Manager,EMP100001,659536,2024-05-15,Delhi,Active
EMP100012,Owen,Sankar,Sales,Manager,EMP100001,-72000,2022-11-12,Delhi,Inactive
EMP100013,Inaya,Dutt,HR,Manager,EMP100001,812262,2025-12-28,Kochi,Active
EMP100014,Vidhi,Malhotra,HR,Analyst,EMP100001,396781,2022-09-14,Kochi,Inactive
EMP100015,Vasana,Vala,Finance,Engineer,EMP100001,346228,2026-07-20,Coimbatore,Active
EMP100016,Zashil,Batra,IT,Engineer,EMP100001,1108577,2022-12-07,Coimbatore,Active
EMP100017,Abeer,Soman,Sales,Manager,EMP100001,574680,2022-02-19,Chennai,Inactive
EMP100018,Michael,Krishna,Sales,Manager,EMP100001,763298,2024-04-24,Bengaluru,Active
EMP100019,Robert,Chauhan,Finance,Manager,EMP100001,310139,2025-10-12,Hyderabad,Inactive
EMP100020,Avi,Chander,IT,Analyst,EMP100001,-48000,2024-05-24,Pune,Active
EMP100021,Amara,Memon,Sales,Manager,EMP100001,337778,2024-07-18,Mumbai,Inactive
EMP100022,Kevin,Sheth,HR,Manager,EMP100001,879364,2021-10-16,Delhi,Active
EMP100023,Owen,Mukherjee,Sales,Engineer,EMP100001,433636,2023-08-25,Kochi,Inactive
EMP100024,Upasna,Bhatt,IT,Engineer,EMP100001,682364,2023-03-22,Coimbatore,Active
EMP100025,Sneha,Munshi,IT,Engineer,EMP100001,-65000,2026-05-08,Chennai,Inactive
